paper_id,class_label
35,Genetic_Algorithms
40,Genetic_Algorithms
114,Reinforcement_Learning
117,Reinforcement_Learning
128,Reinforcement_Learning
130,Reinforcement_Learning
164,Theory
288,Reinforcement_Learning
424,Rule_Learning
434,Reinforcement_Learning
463,Case_Based
504,Probabilistic_Methods
506,Probabilistic_Methods
887,Genetic_Algorithms
906,Neural_Networks
910,Neural_Networks
936,Case_Based
940,Case_Based
941,Case_Based
943,Case_Based
1026,Genetic_Algorithms
1033,Genetic_Algorithms
1034,Genetic_Algorithms
1035,Reinforcement_Learning
1213,Rule_Learning
1237,Neural_Networks
1246,Reinforcement_Learning
1272,Theory
1365,Neural_Networks
1385,Neural_Networks
1481,Case_Based
1688,Genetic_Algorithms
1694,Genetic_Algorithms
1717,Probabilistic_Methods
1786,Rule_Learning
1817,Genetic_Algorithms
1919,Probabilistic_Methods
1949,Case_Based
1951,Case_Based
1952,Case_Based
1953,Case_Based
1955,Case_Based
1956,Case_Based
1959,Case_Based
1997,Probabilistic_Methods
1999,Theory
2354,Theory
2440,Rule_Learning
2653,Theory
2654,Theory
2658,Neural_Networks
2663,Neural_Networks
2665,Neural_Networks
2695,Neural_Networks
2696,Neural_Networks
2698,Neural_Networks
2702,Neural_Networks
3084,Case_Based
3085,Case_Based
3095,Case_Based
3097,Case_Based
3101,Case_Based
3112,Case_Based
3187,Probabilistic_Methods
3191,Probabilistic_Methods
3192,Probabilistic_Methods
3217,Theory
3218,Rule_Learning
3220,Neural_Networks
3222,Case_Based
3223,Theory
3229,Neural_Networks
3231,Theory
3232,Theory
3233,Probabilistic_Methods
3235,Probabilistic_Methods
3236,Theory
3237,Probabilistic_Methods
3240,Theory
3243,Theory
3828,Case_Based
3932,Case_Based
4274,Case_Based
4329,Probabilistic_Methods
4330,Probabilistic_Methods
4335,Probabilistic_Methods
4553,Rule_Learning
4584,Reinforcement_Learning
4637,Theory
4649,Rule_Learning
4660,Theory
4804,Theory
4878,Case_Based
4983,Genetic_Algorithms
5038,Theory
5055,Theory
5062,Case_Based
5064,Case_Based
5069,Case_Based
5075,Case_Based
5086,Probabilistic_Methods
5194,Neural_Networks
5348,Neural_Networks
5454,Neural_Networks
5462,Neural_Networks
5600,Case_Based
5869,Neural_Networks
5959,Case_Based
5966,Genetic_Algorithms
6125,Theory
6130,Neural_Networks
6151,Reinforcement_Learning
6152,Reinforcement_Learning
6155,Reinforcement_Learning
6163,Reinforcement_Learning
6169,Reinforcement_Learning
6170,Reinforcement_Learning
6184,Reinforcement_Learning
6196,Reinforcement_Learning
6209,Reinforcement_Learning
6210,Reinforcement_Learning
6213,Reinforcement_Learning
6214,Reinforcement_Learning
6215,Reinforcement_Learning
6216,Reinforcement_Learning
6217,Reinforcement_Learning
6220,Reinforcement_Learning
6224,Reinforcement_Learning
6238,Theory
6311,Theory
6318,Case_Based
6334,Case_Based
6343,Case_Based
6344,Case_Based
6346,Case_Based
6378,Reinforcement_Learning
6385,Reinforcement_Learning
6539,Theory
6639,Rule_Learning
6741,Theory
6767,Case_Based
6771,Theory
6775,Neural_Networks
6782,Theory
6784,Neural_Networks
6786,Probabilistic_Methods
6814,Probabilistic_Methods
6818,Probabilistic_Methods
6898,Neural_Networks
6910,Neural_Networks
6913,Probabilistic_Methods
6917,Rule_Learning
6923,Rule_Learning
6925,Neural_Networks
6935,Rule_Learning
6939,Rule_Learning
6941,Rule_Learning
7022,Neural_Networks
7032,Probabilistic_Methods
7041,Neural_Networks
7047,Reinforcement_Learning
7272,Neural_Networks
7276,Neural_Networks
7296,Neural_Networks
7297,Neural_Networks
7419,Reinforcement_Learning
7430,Reinforcement_Learning
7432,Reinforcement_Learning
7532,Neural_Networks
7537,Neural_Networks
7867,Case_Based
8079,Theory
8213,Reinforcement_Learning
8224,Theory
8581,Neural_Networks
8591,Rule_Learning
8594,Rule_Learning
8617,Neural_Networks
8619,Neural_Networks
8687,Rule_Learning
8696,Theory
8699,Theory
8703,Rule_Learning
8766,Rule_Learning
8821,Case_Based
8832,Case_Based
8865,Genetic_Algorithms
8872,Reinforcement_Learning
8874,Genetic_Algorithms
8875,Genetic_Algorithms
8961,Reinforcement_Learning
9513,Theory
9515,Theory
9559,Rule_Learning
9581,Probabilistic_Methods
9586,Genetic_Algorithms
9708,Case_Based
9716,Theory
10169,Theory
10174,Theory
10177,Theory
10183,Case_Based
10186,Theory
10430,Case_Based
10435,Case_Based
10531,Neural_Networks
10793,Theory
10796,Case_Based
10798,Case_Based
10981,Neural_Networks
11093,Probabilistic_Methods
11148,Rule_Learning
11325,Rule_Learning
11326,Theory
11335,Rule_Learning
11337,Theory
11339,Theory
11342,Theory
12155,Theory
12158,Theory
12165,Theory
12169,Theory
12182,Theory
12194,Theory
12195,Theory
12197,Theory
12198,Theory
12199,Theory
12210,Theory
12211,Theory
12238,Theory
12247,Theory
12275,Neural_Networks
12330,Neural_Networks
12337,Neural_Networks
12347,Neural_Networks
12350,Theory
12359,Neural_Networks
12439,Neural_Networks
12558,Genetic_Algorithms
12576,Genetic_Algorithms
12631,Neural_Networks
12638,Neural_Networks
12946,Probabilistic_Methods
12960,Theory
13024,Rule_Learning
13136,Neural_Networks
13193,Reinforcement_Learning
13195,Reinforcement_Learning
13205,Reinforcement_Learning
13208,Reinforcement_Learning
13212,Neural_Networks
13213,Reinforcement_Learning
13269,Probabilistic_Methods
13652,Neural_Networks
13654,Neural_Networks
13656,Neural_Networks
13658,Neural_Networks
13686,Neural_Networks
13717,Rule_Learning
13885,Neural_Networks
13917,Reinforcement_Learning
13960,Reinforcement_Learning
13966,Reinforcement_Learning
13972,Reinforcement_Learning
13982,Theory
14062,Genetic_Algorithms
14083,Neural_Networks
14090,Probabilistic_Methods
14428,Probabilistic_Methods
14429,Probabilistic_Methods
14430,Probabilistic_Methods
14431,Probabilistic_Methods
14529,Case_Based
14531,Case_Based
14545,Neural_Networks
14549,Theory
14807,Theory
15076,Neural_Networks
15429,Theory
15431,Theory
15670,Genetic_Algorithms
15889,Case_Based
15892,Case_Based
15984,Probabilistic_Methods
15987,Probabilistic_Methods
16008,Probabilistic_Methods
16437,Neural_Networks
16451,Neural_Networks
16461,Neural_Networks
16470,Neural_Networks
16471,Neural_Networks
16474,Neural_Networks
16476,Neural_Networks
16485,Neural_Networks
16819,Probabilistic_Methods
16843,Probabilistic_Methods
17201,Reinforcement_Learning
17208,Reinforcement_Learning
17242,Probabilistic_Methods
17363,Neural_Networks
17476,Reinforcement_Learning
17477,Genetic_Algorithms
17488,Reinforcement_Learning
17798,Case_Based
17811,Genetic_Algorithms
17821,Reinforcement_Learning
18251,Case_Based
18313,Reinforcement_Learning
18532,Neural_Networks
18536,Neural_Networks
18582,Genetic_Algorithms
18615,Rule_Learning
18619,Theory
18770,Probabilistic_Methods
18773,Probabilistic_Methods
18774,Probabilistic_Methods
18777,Probabilistic_Methods
18781,Theory
18785,Probabilistic_Methods
18811,Probabilistic_Methods
18812,Probabilistic_Methods
18815,Case_Based
18832,Reinforcement_Learning
18833,Reinforcement_Learning
18834,Reinforcement_Learning
19045,Genetic_Algorithms
19231,Theory
19621,Neural_Networks
19697,Neural_Networks
20178,Case_Based
20179,Case_Based
20180,Case_Based
20193,Case_Based
20526,Reinforcement_Learning
20528,Case_Based
20534,Reinforcement_Learning
20584,Neural_Networks
20592,Neural_Networks
20593,Neural_Networks
20601,Theory
20602,Theory
20821,Rule_Learning
20833,Case_Based
20850,Theory
20857,Rule_Learning
20920,Probabilistic_Methods
20923,Probabilistic_Methods
20924,Probabilistic_Methods
20942,Theory
20972,Reinforcement_Learning
22229,Genetic_Algorithms
22241,Genetic_Algorithms
22386,Case_Based
22431,Rule_Learning
22563,Neural_Networks
22564,Case_Based
22566,Case_Based
22835,Neural_Networks
22869,Case_Based
22874,Case_Based
22875,Case_Based
22876,Case_Based
22883,Theory
22886,Case_Based
23069,Probabilistic_Methods
23070,Probabilistic_Methods
23116,Theory
23258,Reinforcement_Learning
23448,Neural_Networks
23502,Neural_Networks
23507,Neural_Networks
23545,Theory
23546,Rule_Learning
23738,Theory
23774,Reinforcement_Learning
24043,Neural_Networks
24476,Probabilistic_Methods
24530,Reinforcement_Learning
24966,Theory
24974,Neural_Networks
25181,Neural_Networks
25184,Neural_Networks
25413,Rule_Learning
25702,Neural_Networks
25772,Neural_Networks
25791,Neural_Networks
25794,Neural_Networks
25805,Theory
26850,Neural_Networks
27174,Neural_Networks
27199,Theory
27203,Theory
27230,Rule_Learning
27241,Theory
27243,Theory
27246,Neural_Networks
27249,Theory
27250,Theory
27510,Theory
27514,Neural_Networks
27530,Neural_Networks
27531,Neural_Networks
27535,Probabilistic_Methods
27543,Neural_Networks
27606,Theory
27612,Theory
27623,Neural_Networks
27627,Theory
27631,Case_Based
27632,Reinforcement_Learning
27895,Theory
28026,Case_Based
28202,Reinforcement_Learning
28227,Reinforcement_Learning
28230,Probabilistic_Methods
28249,Reinforcement_Learning
28254,Neural_Networks
28265,Case_Based
28267,Case_Based
28278,Reinforcement_Learning
28287,Reinforcement_Learning
28290,Reinforcement_Learning
28336,Genetic_Algorithms
28350,Reinforcement_Learning
28359,Reinforcement_Learning
28385,Reinforcement_Learning
28387,Reinforcement_Learning
28389,Reinforcement_Learning
28412,Reinforcement_Learning
28447,Case_Based
28456,Theory
28471,Reinforcement_Learning
28473,Reinforcement_Learning
28485,Reinforcement_Learning
28487,Reinforcement_Learning
28489,Reinforcement_Learning
28491,Reinforcement_Learning
28504,Reinforcement_Learning
28542,Reinforcement_Learning
28632,Theory
28640,Theory
28641,Theory
28649,Theory
28674,Theory
28851,Genetic_Algorithms
28957,Probabilistic_Methods
28964,Probabilistic_Methods
29492,Neural_Networks
29708,Neural_Networks
29723,Probabilistic_Methods
29738,Probabilistic_Methods
30817,Neural_Networks
30895,Theory
30901,Theory
30934,Theory
30973,Neural_Networks
31043,Neural_Networks
31055,Neural_Networks
31083,Theory
31097,Case_Based
31105,Neural_Networks
31336,Neural_Networks
31349,Neural_Networks
31353,Neural_Networks
31479,Probabilistic_Methods
31483,Probabilistic_Methods
31489,Probabilistic_Methods
31769,Neural_Networks
31863,Probabilistic_Methods
31927,Neural_Networks
31932,Neural_Networks
32083,Neural_Networks
32260,Theory
32276,Theory
32688,Neural_Networks
32698,Probabilistic_Methods
32872,Reinforcement_Learning
33013,Reinforcement_Learning
33231,Probabilistic_Methods
33301,Case_Based
33303,Case_Based
33325,Theory
33412,Neural_Networks
33818,Neural_Networks
33823,Neural_Networks
33895,Genetic_Algorithms
33904,Genetic_Algorithms
33907,Genetic_Algorithms
34082,Probabilistic_Methods
34257,Neural_Networks
34263,Neural_Networks
34266,Neural_Networks
34315,Neural_Networks
34355,Neural_Networks
34708,Neural_Networks
34961,Neural_Networks
34979,Theory
35061,Genetic_Algorithms
35070,Case_Based
35335,Neural_Networks
35343,Neural_Networks
35490,Case_Based
35778,Probabilistic_Methods
35797,Neural_Networks
35852,Reinforcement_Learning
35854,Theory
35863,Reinforcement_Learning
35905,Neural_Networks
35922,Probabilistic_Methods
36131,Probabilistic_Methods
36140,Theory
36145,Neural_Networks
36162,Probabilistic_Methods
36167,Reinforcement_Learning
36620,Case_Based
36802,Probabilistic_Methods
37483,Case_Based
37541,Theory
37879,Probabilistic_Methods
37884,Probabilistic_Methods
37888,Probabilistic_Methods
37998,Rule_Learning
38000,Rule_Learning
38205,Genetic_Algorithms
38480,Reinforcement_Learning
38537,Probabilistic_Methods
38722,Theory
38771,Neural_Networks
38829,Case_Based
38839,Case_Based
38845,Case_Based
38846,Case_Based
39124,Case_Based
39126,Probabilistic_Methods
39127,Rule_Learning
39130,Case_Based
39131,Case_Based
39165,Probabilistic_Methods
39199,Neural_Networks
39210,Neural_Networks
39403,Reinforcement_Learning
39474,Genetic_Algorithms
39890,Probabilistic_Methods
39904,Neural_Networks
40124,Theory
40125,Probabilistic_Methods
40131,Neural_Networks
40135,Neural_Networks
40151,Theory
40583,Probabilistic_Methods
40605,Probabilistic_Methods
40886,Neural_Networks
40922,Case_Based
41216,Neural_Networks
41417,Case_Based
41666,Theory
41714,Genetic_Algorithms
41732,Reinforcement_Learning
42156,Neural_Networks
42207,Theory
42209,Theory
42221,Theory
42847,Neural_Networks
42848,Genetic_Algorithms
43165,Neural_Networks
43186,Neural_Networks
43639,Neural_Networks
43698,Neural_Networks
44017,Theory
44121,Probabilistic_Methods
44368,Genetic_Algorithms
44455,Genetic_Algorithms
44514,Neural_Networks
45052,Probabilistic_Methods
45061,Theory
45188,Theory
45189,Theory
45212,Neural_Networks
45533,Neural_Networks
45599,Genetic_Algorithms
45603,Reinforcement_Learning
45605,Genetic_Algorithms
46079,Genetic_Algorithms
46431,Neural_Networks
46452,Rule_Learning
46468,Probabilistic_Methods
46470,Theory
46476,Rule_Learning
46491,Theory
46500,Theory
46501,Theory
46536,Neural_Networks
46547,Theory
46887,Neural_Networks
47570,Case_Based
47682,Neural_Networks
47683,Case_Based
47684,Case_Based
47839,Reinforcement_Learning
48066,Theory
48075,Rule_Learning
48550,Neural_Networks
48555,Neural_Networks
48764,Reinforcement_Learning
48766,Genetic_Algorithms
48768,Reinforcement_Learning
48781,Genetic_Algorithms
49482,Neural_Networks
49660,Theory
49720,Probabilistic_Methods
49753,Probabilistic_Methods
49811,Theory
49843,Rule_Learning
49844,Rule_Learning
49847,Rule_Learning
49895,Rule_Learning
50336,Probabilistic_Methods
50337,Probabilistic_Methods
50354,Neural_Networks
50381,Theory
50807,Genetic_Algorithms
50838,Neural_Networks
50980,Case_Based
51045,Probabilistic_Methods
51049,Probabilistic_Methods
51052,Probabilistic_Methods
51180,Theory
51831,Neural_Networks
51834,Theory
51866,Theory
51879,Probabilistic_Methods
51909,Rule_Learning
51934,Neural_Networks
52000,Neural_Networks
52003,Neural_Networks
52007,Neural_Networks
52515,Probabilistic_Methods
52784,Theory
52835,Rule_Learning
52847,Theory
53942,Theory
54129,Genetic_Algorithms
54131,Genetic_Algorithms
54132,Genetic_Algorithms
54550,Case_Based
54844,Theory
55403,Rule_Learning
55770,Case_Based
55801,Case_Based
55968,Reinforcement_Learning
56112,Genetic_Algorithms
56115,Genetic_Algorithms
56119,Genetic_Algorithms
56167,Case_Based
56708,Reinforcement_Learning
56709,Genetic_Algorithms
57119,Genetic_Algorithms
57764,Theory
57773,Rule_Learning
57922,Theory
57932,Neural_Networks
57948,Theory
58268,Rule_Learning
58436,Case_Based
58453,Genetic_Algorithms
58454,Case_Based
58540,Reinforcement_Learning
58552,Neural_Networks
58758,Genetic_Algorithms
59045,Theory
59244,Case_Based
59626,Theory
59715,Genetic_Algorithms
59772,Neural_Networks
59798,Neural_Networks
60159,Neural_Networks
60169,Neural_Networks
60170,Neural_Networks
60560,Neural_Networks
60682,Case_Based
61069,Genetic_Algorithms
61073,Genetic_Algorithms
61312,Genetic_Algorithms
61417,Rule_Learning
62274,Theory
62329,Genetic_Algorithms
62333,Neural_Networks
62347,Reinforcement_Learning
62389,Case_Based
62417,Probabilistic_Methods
62607,Rule_Learning
62634,Genetic_Algorithms
62676,Neural_Networks
62718,Case_Based
63477,Case_Based
63486,Theory
63549,Neural_Networks
63812,Case_Based
63832,Genetic_Algorithms
63835,Case_Based
63915,Neural_Networks
63931,Rule_Learning
64271,Case_Based
64319,Theory
64484,Reinforcement_Learning
64519,Reinforcement_Learning
65057,Probabilistic_Methods
65074,Probabilistic_Methods
65212,Neural_Networks
65650,Theory
65653,Theory
66556,Genetic_Algorithms
66563,Genetic_Algorithms
66564,Genetic_Algorithms
66594,Theory
66596,Rule_Learning
66751,Theory
66782,Rule_Learning
66794,Probabilistic_Methods
66805,Genetic_Algorithms
66809,Reinforcement_Learning
66982,Neural_Networks
66986,Neural_Networks
66990,Neural_Networks
67245,Neural_Networks
67246,Neural_Networks
67292,Neural_Networks
67415,Theory
67584,Probabilistic_Methods
67633,Case_Based
68115,Case_Based
68224,Neural_Networks
68463,Rule_Learning
68495,Theory
68505,Theory
69198,Neural_Networks
69284,Genetic_Algorithms
69296,Genetic_Algorithms
69392,Neural_Networks
69397,Theory
69418,Neural_Networks
70281,Neural_Networks
70441,Case_Based
70442,Case_Based
70444,Case_Based
70520,Reinforcement_Learning
70970,Genetic_Algorithms
71336,Neural_Networks
71736,Probabilistic_Methods
71904,Neural_Networks
72056,Neural_Networks
72101,Neural_Networks
72406,Reinforcement_Learning
72805,Rule_Learning
72908,Rule_Learning
73119,Probabilistic_Methods
73146,Probabilistic_Methods
73162,Probabilistic_Methods
73323,Case_Based
73327,Case_Based
73712,Neural_Networks
73972,Case_Based
74427,Neural_Networks
74698,Probabilistic_Methods
74700,Probabilistic_Methods
74749,Theory
74821,Probabilistic_Methods
74920,Probabilistic_Methods
74921,Probabilistic_Methods
74937,Neural_Networks
74975,Case_Based
75121,Case_Based
75318,Neural_Networks
75674,Reinforcement_Learning
75691,Neural_Networks
75693,Reinforcement_Learning
75694,Reinforcement_Learning
75695,Neural_Networks
75969,Rule_Learning
75972,Rule_Learning
75983,Neural_Networks
77108,Theory
77112,Theory
77438,Probabilistic_Methods
77515,Theory
77758,Neural_Networks
77826,Case_Based
77829,Case_Based
78508,Neural_Networks
78511,Genetic_Algorithms
78549,Neural_Networks
78552,Neural_Networks
78555,Neural_Networks
78557,Neural_Networks
78994,Neural_Networks
79809,Theory
79817,Probabilistic_Methods
80491,Neural_Networks
80515,Neural_Networks
80656,Neural_Networks
81350,Reinforcement_Learning
81714,Case_Based
81722,Case_Based
82087,Genetic_Algorithms
82090,Genetic_Algorithms
82098,Genetic_Algorithms
82664,Case_Based
82666,Case_Based
82920,Genetic_Algorithms
83449,Case_Based
83461,Rule_Learning
83725,Genetic_Algorithms
83746,Neural_Networks
83826,Neural_Networks
83847,Neural_Networks
84020,Probabilistic_Methods
84021,Genetic_Algorithms
84459,Theory
84695,Neural_Networks
85299,Neural_Networks
85324,Neural_Networks
85352,Genetic_Algorithms
85449,Neural_Networks
85452,Theory
85688,Rule_Learning
86258,Theory
86359,Reinforcement_Learning
86840,Theory
86923,Neural_Networks
87363,Genetic_Algorithms
87417,Genetic_Algorithms
87482,Neural_Networks
87915,Probabilistic_Methods
88356,Probabilistic_Methods
89308,Case_Based
89335,Case_Based
89416,Probabilistic_Methods
89547,Theory
90470,Probabilistic_Methods
90655,Neural_Networks
90888,Neural_Networks
91038,Probabilistic_Methods
91581,Probabilistic_Methods
91852,Case_Based
91853,Case_Based
91975,Reinforcement_Learning
92065,Neural_Networks
92589,Probabilistic_Methods
93273,Theory
93318,Neural_Networks
93320,Reinforcement_Learning
93555,Neural_Networks
93755,Theory
93923,Rule_Learning
94229,Neural_Networks
94416,Rule_Learning
94639,Genetic_Algorithms
94641,Genetic_Algorithms
94713,Probabilistic_Methods
94953,Neural_Networks
95188,Case_Based
95198,Case_Based
95225,Theory
95435,Reinforcement_Learning
95579,Reinforcement_Learning
95586,Reinforcement_Learning
95588,Reinforcement_Learning
95589,Reinforcement_Learning
95594,Reinforcement_Learning
95597,Reinforcement_Learning
95642,Case_Based
95718,Theory
95719,Probabilistic_Methods
96335,Neural_Networks
96845,Genetic_Algorithms
96847,Genetic_Algorithms
96851,Genetic_Algorithms
97377,Theory
97390,Genetic_Algorithms
97645,Genetic_Algorithms
97892,Case_Based
98693,Genetic_Algorithms
98698,Genetic_Algorithms
99023,Neural_Networks
99025,Neural_Networks
99030,Neural_Networks
100197,Neural_Networks
100701,Case_Based
100935,Genetic_Algorithms
100961,Neural_Networks
101143,Case_Based
101145,Case_Based
101261,Theory
101263,Theory
101660,Rule_Learning
101662,Theory
101811,Theory
102061,Genetic_Algorithms
102406,Theory
102879,Theory
102884,Theory
102938,Neural_Networks
102939,Neural_Networks
103430,Neural_Networks
103482,Neural_Networks
103515,Genetic_Algorithms
103528,Case_Based
103529,Case_Based
103531,Case_Based
103537,Probabilistic_Methods
103543,Probabilistic_Methods
104840,Theory
105057,Theory
105856,Neural_Networks
105865,Neural_Networks
105899,Probabilistic_Methods
106590,Probabilistic_Methods
107177,Theory
107251,Theory
107252,Theory
107569,Neural_Networks
108047,Genetic_Algorithms
108962,Probabilistic_Methods
108963,Probabilistic_Methods
108974,Probabilistic_Methods
108983,Probabilistic_Methods
109323,Probabilistic_Methods
110041,Genetic_Algorithms
110162,Case_Based
110163,Case_Based
110164,Case_Based
111676,Case_Based
111770,Probabilistic_Methods
111866,Theory
112099,Case_Based
112378,Case_Based
112787,Case_Based
112813,Case_Based
114189,Probabilistic_Methods
114308,Reinforcement_Learning
114966,Neural_Networks
115188,Neural_Networks
116021,Theory
116081,Rule_Learning
116084,Rule_Learning
116087,Rule_Learning
116512,Neural_Networks
116528,Theory
116545,Genetic_Algorithms
116552,Genetic_Algorithms
116553,Genetic_Algorithms
116790,Probabilistic_Methods
117315,Genetic_Algorithms
117316,Genetic_Algorithms
117328,Case_Based
118079,Reinforcement_Learning
118259,Reinforcement_Learning
118260,Reinforcement_Learning
118424,Neural_Networks
118435,Neural_Networks
118436,Neural_Networks
118558,Reinforcement_Learning
118559,Reinforcement_Learning
118682,Probabilistic_Methods
118873,Neural_Networks
119686,Neural_Networks
119712,Genetic_Algorithms
119761,Neural_Networks
119956,Neural_Networks
120013,Neural_Networks
120039,Case_Based
120084,Neural_Networks
120817,Neural_Networks
121792,Neural_Networks
123556,Neural_Networks
123825,Neural_Networks
124064,Reinforcement_Learning
124224,Neural_Networks
124296,Neural_Networks
124734,Theory
124828,Neural_Networks
124952,Probabilistic_Methods
126128,Neural_Networks
126793,Probabilistic_Methods
126867,Case_Based
126868,Case_Based
126909,Probabilistic_Methods
126912,Probabilistic_Methods
126920,Probabilistic_Methods
126926,Probabilistic_Methods
126927,Probabilistic_Methods
127033,Genetic_Algorithms
127940,Neural_Networks
128202,Theory
128203,Theory
128383,Case_Based
128540,Genetic_Algorithms
129042,Case_Based
129045,Case_Based
